{
  "project_info": {
    "project_number": "156777445677",
    "firebase_url": "https://s-h-e-c-s-smart-home-el-a8sn2v-default-rtdb.europe-west1.firebasedatabase.app",
    "project_id": "s-h-e-c-s-smart-home-el-a8sn2v",
    "storage_bucket": "s-h-e-c-s-smart-home-el-a8sn2v.appspot.com"
  },
  "client": [
    {
      "client_info": {
        "mobilesdk_app_id": "1:156777445677:android:95a613a5e3410026c8fba4",
        "android_client_info": {
          "package_name": "com.mycompany.crmapp"
        }
      },
      "oauth_client": [
        {
          "client_id": "156777445677-sta8fjpq0fm4chicrk2s00lqq1b253qg.apps.googleusercontent.com",
          "client_type": 1,
          "android_info": {
            "package_name": "com.mycompany.crmapp",
            "certificate_hash": "4484bf19215f389f456919677ec09387f7c84fa2"
          }
        },
        {
          "client_id": "156777445677-j9tjdptpc0ck78vub529buadksniit8s.apps.googleusercontent.com",
          "client_type": 3
        }
      ],
      "api_key": [
        {
          "current_key": "AIzaSyDww-ojYI8hRWe4rJLGYap2zRSc0oTVKPs"
        }
      ],
      "services": {
        "appinvite_service": {
          "other_platform_oauth_client": [
            {
              "client_id": "156777445677-j9tjdptpc0ck78vub529buadksniit8s.apps.googleusercontent.com",
              "client_type": 3
            },
            {
              "client_id": "156777445677-2ojq4e3c4gp2vqf9is03celnrces65qf.apps.googleusercontent.com",
              "client_type": 2,
              "ios_info": {
                "bundle_id": "com.mycompany.crmapp"
              }
            }
          ]
        }
      }
    }
  ],
  "configuration_version": "1"
}